{"normal": [1, 1], "driving": [1.00023314681588, 0.9929963945595169]}